{"cameraMode":{"drawMode":0,"name":"Shaded","section":"Shading Mode"},"sceneLighting":false,"audioPlay":false,"sceneViewState":{"showFog":true,"showMaterialUpdate":false,"showSkybox":true,"showFlares":true,"showImageEffects":true,"showParticleSystems":true},"in2DMode":false,"pivot":{"x":-5.791064739227295,"y":3.118516445159912,"z":6.344292640686035},"rotation":{"x":-0.07981252670288086,"y":0.31779399514198305,"z":-0.026856832206249238,"w":-0.9444130659103394},"size":14.546137809753418,"orthographic":false}